name,url
LP TECH - Công ty TNHH Thương Mại Điện Tử Công Nghệ LP,http://service.lptech.asia
Thiết Kế Website IGITECH - Công Ty Cổ Phần Giải Pháp Và Phát Triển IGITECH,http://igitech.vn
Công Ty TNHH TM DV Quảng Cáo Công Nghệ Mới,http://quangcaogooglegiare.info
Quảng Cáo Trực Tuyến Việt Nam,http://quangcaotructuyen24h.vn
Công Ty TNHH Vinasite Việt Nam,http://dichvuquantriwebsite.vn
Công Ty TNHH Giải Pháp Trực Tuyến,http://www.esc.vn
Công Ty Cổ Phần Phần Mềm và Đầu Tư Công Nghệ LIVA,http://www.liva.com.vn
Công Ty TNHH Thương Mại Dịch Vụ Trực Tuyến Nét Việt,http://www.nevion.vn
Công Ty TNHH Thương Mại Dịch Vụ Nhất Tiễn,http://www.giaiphapcntt.com.vn
Công Ty TNHH Phát Triển Phần Mềm Việt Nam,http://vinasoft.net.vn
Công Ty TNHH & Quảng Cáo B2C,http://www.vietnamb2c.com
Công Ty Cổ Phần Công Nghệ Và Truyền Thông Vinamore,http://www.kenhmuahang.com
Công Ty TNHH Phần Mềm NDOT,http://thietkewebsite24g.com
Công Ty Cổ Phần Thương Mại Sao Linh,http://saolinh.com.vn
Công Ty TNHH MTV Viễn Thông Thái Bình Telecom,
Công Ty TNHH Giải Pháp IMS,http://thietkewebsite24h.com
Quảng Cáo Trực Tuyến NEWSTAR - Công Ty TNHH Phát Triển Công Nghệ NEWSTAR,http://newstarvn.com
Công Ty TNHH Giải Pháp Trực Tuyến (ESC),http://esc.vn
Công ty TNHH VINAHOST,http://vinahost.vn
Công Ty Cổ Phần Liên Kết Số TDA,http://lienketso.vn
Công Ty TNHH iTOOL,http://itool.vn
Công Ty Cổ Phần Thương Mại Điện Tử Emsvn,http://emsvn.com
Công Ty Cổ Phần Công Nghệ Số SVTB,http://svtb.com.vn
Công Ty TNHH Designwebsg,http://designwebsg.com
Công Ty TNHH WEBICO,http://www.webico.vn
Công Ty TNHH Công Nghệ Truyền Thông Tổng Lực,http://tongluc.com
Vườn Cây Việt - Công Ty TNHH Thương Mại Và Đào Tạo Dương Gia Phát,http://vuoncayviet.com
Công Ty TNHH Quản Lý Chất Lượng Quốc Tế QSCERT,http://banwebsitere.com
Công Ty Cổ Phần Zone Media,http://zonemedia.vn
Ánh Dương - Công Ty TNHH Tin Học Quảng Cáo Ánh Dương,http://www.sunshinevn.com
Công Ty CP Công Nghệ Và Truyền Thông Caia,http://www.caia.vn
Công Ty Cổ Phần Chips,http://www.chips.vn
Công Ty TNHH Vinazoom,http://www.vinazoom.com
Công Ty TNHH Giải Pháp Công Nghệ Phúc Thịnh,http://futicorp.com
Công Ty TNHH MTV Phần Mềm Hưng Phát,http://chuyenweb.net
Công Ty TNHH Thương Mại Điện Tử MAXLIKE,http://maxlike.net
Công Ty CP Phát Triển Kỹ Thuật & TM Tân Đức,http://tdt-tanduc.com
Công Ty TNHH MTV Đà Nẵng Web,http://danangweb.vn
Khai Thông - Công Ty TNHH Khai Thông,http://khaithong.vn
Công Ty TNHH Ola,http://ola.com.vn
Công Ty Cổ Phần Giao Thức Việt,http://vietprotocol.com
Công Ty TNHH Thiết Kế SUMEDIA,http://sumedia.net
Công Ty TNHH Tầm Nhìn Giải Pháp,http://visolution.vn
Công Ty TNHH TM DV Đình Quang,http://dinhquanggroup.com
Công Ty TNHH Công Nghệ TAKA,http://taka.com.vn
Công Ty CP Dịch Vụ Tất Thành,http://tatthanh.com.vn
Công Ty TNHH Phần Mềm Tinh Vệ,http://tinhve.vn
Công Ty Goldlogo Vietnam Group,http://goldlogo.xyz
Công Ty TNHH Thương Mại Dịch Vụ Thiết Bị Số Hoàn Mỹ,http://thietbiso.net.vn
Công Ty TNHH Phát Triển Công Nghệ Dữ Liệu Toàn Cầu,http://dulieutoancau.com
Công Ty TNHH Phát Triển Công Nghệ Ngôi Sao Việt MEDIA,http://ngoisaovietmedia.com
Công Ty Cổ Phần Công Nghệ Hoàng Vi,http://hoangvi.com
Công Ty TNHH Ola,http://ola.com.vn
Công Ty Cổ Phần Công Nghệ Dịch Vụ Binna,http://binnatech.com
Công Ty TNHH Thương Mại Công Nghệ Trần Gia,http://lienketso.com.vn
Công Ty Cổ Phần Chips,http://www.chips.vn
Công Ty TNHH Công Nghệ Truyền Thông Minh Khang,http://mka.com.vn
Công Ty TNHH Giải Pháp Công Nghệ C.M.S,http://thietkewebbinhduong.vn
Website Your team in India,http://yourteaminindia.com/
Công Ty TNHH Designwebsg,http://designwebsg.com
Công Ty TNHH MTV Nhơn Mỹ,http://nhonmy.com
Công Ty TNHH Công Nghệ Truyền Thông Tổng Lực,http://tongluc.com
Ánh Dương - Công Ty TNHH Tin Học Quảng Cáo Ánh Dương,http://www.sunshinevn.com
Khai Thông - Công Ty TNHH Khai Thông,http://khaithong.vn
Công Ty TNHH Công Nghệ ứng Dụng Và Truyền Thông DTC,http://dtctech.vn
Công Ty TNHH Công Nghệ Và Tư Vấn Doanh Nghiệp INNOCOM,http://innocom.vn
Công Ty TNHH Thương Mại Điện Tử MAXLIKE,http://maxlike.net
Công Ty TNHH TM DV Đình Quang,http://dinhquanggroup.com
Công Ty TNHH Giải Pháp Số Expro Việt Nam,http://expro.vn
Công Ty CP Công Nghệ Creative Việt Nam,http://creativevietnam.com.vn
Công Ty CP Phát Triển Kỹ Thuật & TM Tân Đức,http://tdt-tanduc.com
Công Ty TNHH Tầm Nhìn Giải Pháp,http://visolution.vn
Công Ty TNHH Mathsoft Việt Nam,http://mathsoftvn.com
Công Ty TNHH MTV Phát Triển Công Nghệ Nét Việt,http://vietnetsoft.com
Công Ty TNHH Quản Lý Chất Lượng Quốc Tế QSCERT,http://banwebsitere.com
Công Ty TNHH Quảng Cáo Tin Học Gia Hân,http://websitegiasoc.com
Công Ty TNHH MTV Giải Pháp Trực Tuyến Hữu Nhân,http://huunhan.vn
Công Ty TNHH Giải Pháp CNTT Hoàn Vũ,http://www.hoanvusolutions.com.vn
Công Ty TNHH Phần Mềm Mai Gia Bảo,http://mgbsoft.vn
Công Ty TNHH Truyền Thông Trực Tuyến Tương Lai Việt,http://tuonglaiviet.vn
Công Ty TNHH MTV Phần Mềm Hưng Phát,http://chuyenweb.net
Công Ty CP Công Nghệ Thông Tin Trần Lê,http://tranlegroup.com
Công Ty CP Phát Triển Công Nghệ Lam Kinh,http://lamkinh.com
Công Ty CP TM Điện Tử Lead Digital,http://levanphu.info
Công Ty TNHH Vidoco,http://vidoco.vn
Công Ty TNHH Giải Pháp Công Nghệ Cao Sài Gòn,http://saigonhitech.vn
Công Ty TNHH Giải Pháp Phần Mềm VINATECH,http://vinatechco.com.vn
TV Group,http://cathtmlcss.com
Công Ty TNHH Dịch Vụ Thương Mại Sản Xuất ITPS,http://itps.com.vn
Công Ty TNHH Thương Mại Dịch Vụ Công Nghệ Siêu Liên Kết,http://www.sieulienket.vn
